1	SPjK4XcWEM2t0yeESh81j	PIcVHXOKMTOTDmuzWPta	dem_azmnDrYTYNXJLpSLV
2	SPjK4XcWEM2t0yeESh81j	gS1jq1EdftiO511VPVH0	JXaABWirVbMYxvZ3JgDH1
3	SPjK4XcWEM2t0yeESh81j	0zHVQD9BiCnJUkQA5B8g	ceK9wstSmWHA9QrisJ0_E
4	4NGjCswGGIBz31ftpklXw	eSodRRiNj2OZCp1SVZ64	_odJaKrSuHcKxyjjGs2ow
5	4NGjCswGGIBz31ftpklXw	3nFr4l2XrrgK5hVdV9FK	SeRLVUADxgxo720NUgyem
6	4NGjCswGGIBz31ftpklXw	a9fVz3lyacwicu9tfUKD	b2UC6aH0BGgPnh2jFNlhA
7	_jfCyd_up5phyUW7V_bm9	kqwSODtzCxvaEZtxhVNM	_-uhLhhbeV8IN4aFFKVBe
8	_jfCyd_up5phyUW7V_bm9	tUX2ZxZyfWkPW0y9aln2	uWBIaKicmDibCPImUrMDk
9	_jfCyd_up5phyUW7V_bm9	AgSvMU33SMkSjg3XUdyX	1-2hB9WGM4x_u0McsSJZy
10	gDNyFKBxaBw7ljiuokMAz	1VeCx0j9B3Zoa3iwlOTf	Hm1ntfRWHDxewxpKpWkCc
11	gDNyFKBxaBw7ljiuokMAz	8auoYwJZdfCIxb2vDoK5	p12gynJwVyd7-J65onplQ
12	gDNyFKBxaBw7ljiuokMAz	FQB8h0cR5r5fO2rgRBSX	JZDLBWyi814yO0HR0WTrZ
13	ug8hYV65woZyiRIix893E	6W2GCqwr8dmso0GrcKF9	4Q2h4LZWT7xdykWZVUMwf
14	ug8hYV65woZyiRIix893E	ZRselyQNu3g4pFHEzh42	jBOMlmjGH8j7U7KFftuBy
15	ug8hYV65woZyiRIix893E	YYsyYEo1vtDJd0HnT2nD	GWF1rrOcqPQ_tfo24SurG
16	p8PXWkjAjQXZekQI4Zp9y	sii6ksiXzMwzp4kkoczD	BeTeE0leO9WQ21BwdQiwY
17	p8PXWkjAjQXZekQI4Zp9y	xBKxKxQyIRY5q5rIDnsy	SwcfiecIMMAJSa1jEvqwW
18	p8PXWkjAjQXZekQI4Zp9y	mqZlqdyeRrIA1aW7PGN0	WxqiWuTBPhunO5v9LxtO5
19	UpDAY79-4lNmnCep6gOed	KHEFaXJz8y0XhxZuodr0	WofrCxh2OOFknicuqi3uj
20	UpDAY79-4lNmnCep6gOed	wfcDisX2yh3eR06H4AxJ	efeqbgGiLL65emGLRuQ72
21	UpDAY79-4lNmnCep6gOed	7CLMZGNVppLyqfXTP2op	oef9h_DoBvAZ_JtwPQBOc
22	pkty8KmCYUDQCBSP4XJv9	mJzf6bjcbJo2Aun5mc7E	Qh5LFWQFV6JGgltGbUmtj
23	pkty8KmCYUDQCBSP4XJv9	75bOI1WWrSP1ZYYq8O1V	DyjCETsclZ5-nvCvY9q8c
24	pkty8KmCYUDQCBSP4XJv9	K2siPB7SNszrGhldao9X	Xndb3SmPiSrbCgWHPuQCF
25	fRXw8p6jBIm2RhrDb0i3v	1RYkblfRMN9f9NQ3pZcG	s8A0IV39ih3p-FFVqE5rc
26	fRXw8p6jBIm2RhrDb0i3v	Gxd8ca3jst9Ouo8gp8lZ	dJUQXqOLo0M8sKUCkeIGO
27	fRXw8p6jBIm2RhrDb0i3v	DdcN2ucc2MSBuqOk5hiL	EokMd8N5p4kDZPRuK0F1b
28	BfVecl2cikIea85Yrs4Ed	ZQZ3ZsqbjSnshxcgkuja	Zvjwi01a7plGSZbbIgWfi
29	BfVecl2cikIea85Yrs4Ed	NvJmg80tMp0UyeGG59Dv	QjaBi2eQEkMWm20eVY48n
30	BfVecl2cikIea85Yrs4Ed	pNT8RHlFq6oF9IhuPJob	-IyCmiJirwn2BN_NbiSpR
31	MHyUJbitTTTbapJrJhfAx	SkQA1GPj4R869sN0wdFu	GMqido6z1XaLL2Aa2UQAe
32	MHyUJbitTTTbapJrJhfAx	xTj70Y8MHLx4TviJp8p4	Mt3e5uGQw1uTD3RuNPzOD
33	MHyUJbitTTTbapJrJhfAx	DSZ9rxsSWgPIhgM1I7el	5KmeH0u5QHYfMh8DIOZJG
34	n4rNQRyY35E4R9MFRUNjg	R7kPJk0lZ7ijyiVIzzt6	4sgVXexQLavmZPHFyVjBx
35	n4rNQRyY35E4R9MFRUNjg	4IJHFxrsnRTAyXkydmgr	zOLKTL3qSS60SXjsSB-Y3
36	n4rNQRyY35E4R9MFRUNjg	W3mAIs8HzuOzKBYqvucv	cy3hIE07KfVT81nQsyqH3
37	VZF8nga4kTZ-w0Olcn5vn	7lb1CRhs0DDcvjgWWvrt	pYFm6i45GFQwDzNNt_6sT
38	VZF8nga4kTZ-w0Olcn5vn	pf7N1NqR1P8gB8g0IMbr	7nWDLScsUeJkaydKB0M3d
39	VZF8nga4kTZ-w0Olcn5vn	3IbB7Ugn8uFLpNBsd6Ds	Yppfi2njW4cI-P449VzXS
40	HrlL2k_q9-Te22upMivYF	Vkk4r8W2KpMVIr6VygYP	m1Hv-9V93MSf451N7AvRn
41	HrlL2k_q9-Te22upMivYF	FvPuCP5VBN1JnynVczMI	gzUQUIXnnLtbaQ5r-0z-W
42	HrlL2k_q9-Te22upMivYF	C4e4sBXmPyxBw4fDMWJA	jkaOC9Cr-psqy6oBg3OW0
43	7XcTZmeJIMgzJrPq1R-cn	3yB0Ygxasn86kpbCEDti	p7dEPMlkjsIbz6TdjN0-a
44	7XcTZmeJIMgzJrPq1R-cn	vDPP3WXPjfeqyRsY1dSk	yjnIjv5GPBOzUUY8mV2iw
45	7XcTZmeJIMgzJrPq1R-cn	AVq11HoAktAQPDdlirIA	s6RW0z9J3lZBB0LCmdXz5
46	Dru8oLm5T9NoyH71Lj9aO	rNNKc7USuRvOxbKE3Arj	DYN_o8J4fyk8Dtqb4W4sM
47	Dru8oLm5T9NoyH71Lj9aO	TCMbsxuB6gtER7YinmBw	Toge4e2MV7HSuF-YfAZcJ
48	Dru8oLm5T9NoyH71Lj9aO	yqEoWlaU3iO2WgB9PE5n	oouAZThqyk-vsh3XG3ll7
49	kSSqWVomFwjHJGR06X7U4	CaYvdcrVLbLymYC8tcZo	EfFiBy4-MbnlUF-tqobgM
50	kSSqWVomFwjHJGR06X7U4	KAA7PMlmmij7iaGOVBqh	6IbSyk4fEdoafYvl3CpCK
51	kSSqWVomFwjHJGR06X7U4	VAq3c3P76JZtBUX5HWDU	cH6BA0OqB4geGkcnxljXV
52	KS3-V3K2zFHoFyOSEzr11	nOovDSRvSbzkYb0BZjTy	Jurh8ORfk-hJU7tFAgPJj
53	KS3-V3K2zFHoFyOSEzr11	n4YyuE0kDyLTB2HJjrBR	7EAruiPVvUr9BdPMdhpGf
54	KS3-V3K2zFHoFyOSEzr11	RCo8tevfFWfIE74jmbMc	6N6eZGLC2fewIK4b2ubQA
55	z9dZf_EXqyWTBKNO3b5ye	Ft9Qkuh8L6ckUe6SWcJR	mMZPOhV_3n9Aso2qtSC-I
56	z9dZf_EXqyWTBKNO3b5ye	QBhAsM8CvOtvDr0RXOKF	WPTDN0aYlmlteCmt7fNec
57	z9dZf_EXqyWTBKNO3b5ye	WSg48yThthYlfne9wSmH	TtynPpNJjtSMJ1E5l_HIW
58	OwQBkwR-A2KsZDRskWATF	gRdDpxJWUdn0jXDC9Uc9	xSYT1QCDOto2R2ZG_ZumR
59	OwQBkwR-A2KsZDRskWATF	cfQIJhk7sIQjvBjq45nO	VXyJxPsN9dpJSV4A3oRLv
60	OwQBkwR-A2KsZDRskWATF	dalWuMYYqvOuRYv9kaxA	6Dw-wEB9K2sfSdxhO4B9H
61	ZdrJxNsfCqFpVtDVMoYF5	8BAcDmn7GGTMrharO5HY	2hllKvAmGccn3mTa8hvHS
62	ZdrJxNsfCqFpVtDVMoYF5	GhMy84f23DDBYq5O5yuj	KoJ46OZ5YUgx_NzVAXokE
63	ZdrJxNsfCqFpVtDVMoYF5	DOpp6mkQi2YNAiNRLC3D	Dk6JB3deHQ24frmkhqazF
64	wVkThoB_M3Lhlas0H6o3m	bKX76rXTiPNJoEgtAR4d	2OyL5BHA6SIRO9ttvFGio
65	wVkThoB_M3Lhlas0H6o3m	pIdE3bNEd80msnKUDTan	THG36rRFzQs7oY5rdHYKO
66	wVkThoB_M3Lhlas0H6o3m	4KgVvdtxIm3MbMcPQXTo	PN_no0mXy4oSoaN8zkR5M
67	Wlv8dSO59XPqxoiZFV_j4	DSITnMvnJVVw97u5NtY1	B4vvA3zN_8674chwmJuOt
68	Wlv8dSO59XPqxoiZFV_j4	RkC4AMr3afZbXA8i8jxr	v0959FoxQxuVWLzvT5hyG
69	Wlv8dSO59XPqxoiZFV_j4	fjKy9zBeTKNnmB4ZNxdk	9jA3Gon-lksGrbfa0cUQu
70	HyqGqRtSE6lDfwLst4Kj_	SVfycPydTE7r2xXhdBeB	oxPRpvuOoXby8oC4m8IlI
71	HyqGqRtSE6lDfwLst4Kj_	GrADBboCAqsszhw5oIg4	_62gaiLr9pXKj1XV2P1td
72	HyqGqRtSE6lDfwLst4Kj_	QafEt4VI8Cj8PvkA4Jh9	3TFw05oG6uWD24rO92EKo
73	ZVijr9BxjzHYpjGMO5Di3	6iambwl3dsTaKcQygSEC	izf-uA_7cAajuj54x8quO
74	ZVijr9BxjzHYpjGMO5Di3	pMFjYF9OqfIqo2VlVjhZ	kbhDRJVXFi5Iuf_6Yu1zZ
75	ZVijr9BxjzHYpjGMO5Di3	TyPonpJK2Lsx9bDe06mm	RKL4nWBjJi8llF-UOMp6I
76	K76q3Fcbh9D3k3Yu2mIr-	lfDQIjoaw2nfpoUAMu0U	Z1sz_chhQstRubbfGtWwN
77	K76q3Fcbh9D3k3Yu2mIr-	0Ed1lEn3hKw8I4TqFmLx	_PkRC53kN3qKV3WFJTLHF
78	K76q3Fcbh9D3k3Yu2mIr-	VoblLE9wK1ALwKQ3gDsE	zd02u7Bq3ZL7UT1-huPJ5
79	f2d9dQlpQ6xLr_foiRKge	IpQW5KWrQ6lnk8XuttuR	dxY0ZCca-RCogsnqcK9j_
80	f2d9dQlpQ6xLr_foiRKge	HKU7kPJSP3GYLYkHwUjQ	oTvIDcU4UJq1m7eG4hvfC
81	f2d9dQlpQ6xLr_foiRKge	WcvuPXvs6iLVDIPCtvas	r2kf4EcjMV_TT2_Thi598
82	Agz_Mxd6ZpEs_3M4NYnIA	J9Pzd2GrykI6W2aq4r5H	parrio66N2Xf1Nm2Svg12
83	Agz_Mxd6ZpEs_3M4NYnIA	RGeidkmY3jxYVS6Nvywb	x9nNRfMxy6eoDOekeNoT6
84	Agz_Mxd6ZpEs_3M4NYnIA	f02c5xKQjD0qAdDTq85I	CgRCmrOWMiuEjDbiq1DMN
85	A0i_8I2EYIrqO4J7qECf1	qIJD6MPTZyd7siYsiLxE	gbBKAZGIxDsVxlDpdtdz2
86	A0i_8I2EYIrqO4J7qECf1	XnmvY7mT5xDAccFw5qgp	HWtzJgzA-l9v3bBPXsJUj
87	A0i_8I2EYIrqO4J7qECf1	N4e77MP3WSCtkeNK2MTW	c9Y_F1JqRjXYbcXRfBXcb
88	Pal5od2lTS1rxhu8XumFk	NZq9GEIfdTM13swqEaib	5kR2Zgbi5EjkMgD1k7fj9
89	Pal5od2lTS1rxhu8XumFk	6cJORixXZoGntCqmeioZ	sjiZfKVGoz3zsb3epEfG3
90	Pal5od2lTS1rxhu8XumFk	5M9qOqz7WomHZPe1Rdja	kB9eqXYLEMBUxiU35ycnU
91	J77jj9iLIuaMrwUc3aI7C	DBMkaiMxL8uZcRkonyYE	_mCJ99nJ-QleaDqwH4C3O
92	J77jj9iLIuaMrwUc3aI7C	ensUs63IaKu9s6n5pVQd	XsvHprbwno7DbS1khUti2
93	J77jj9iLIuaMrwUc3aI7C	5rtsWDZtEyqy7MqDfR0I	nrxeKdH5sHXvy2VIzRxtJ
94	fT9fXF_tu67IuaAlyejjx	4eAMEMU5TcC2AGcFameg	T7vR0Tn6CNRgGigjhsVyO
95	fT9fXF_tu67IuaAlyejjx	iUZt0dKc2uX8ZSBWdi7o	kKcas5XKv2DD_uOJjnG-L
96	fT9fXF_tu67IuaAlyejjx	YYk1KKjaUgj5PDfrLuu1	nMczDVTXPJQm7kFckV0rJ
97	fAcw0eRnDgcx_KPxkMUGJ	ctfMwQ1cWWnU6i0N3jM8	WqhA0mpaMtKVgK3gSgC6C
98	fAcw0eRnDgcx_KPxkMUGJ	Zf11o4fWJznB9MLYNE3G	LJkmkIIv20MOlh57XfvYk
99	fAcw0eRnDgcx_KPxkMUGJ	k1hblJmKaV0CEncHMuFn	S7N5in7iTgtZyEMAVnKIg
100	4AnrLkNC92TiuxQ5rm4JP	c4rK8GU37ZuSJCLurBAh	X7l25IQ5_jPzVOurdvCq8
101	4AnrLkNC92TiuxQ5rm4JP	8RDcQwpeiUd9shJ7FDqz	vvLVhrq32dUiIWLs7Amyj
102	4AnrLkNC92TiuxQ5rm4JP	FcSLZ7lEZK37RY3ggfaX	EhyxFzrZ6BEClXBkUHGqe
103	0F2ijOLywqal_tukiNhbI	nMa6DHSYZzAFpZczKobC	QH4Hx0RFfuoBm9HkR6atu
104	0F2ijOLywqal_tukiNhbI	Lr8siPLmbiyzNs80uTtz	SLBBSNVbsViQskP0zfDjk
105	0F2ijOLywqal_tukiNhbI	KMo3uPCVT2UtgnyCCZkw	-_PBFbIiAt6TATEpwJVp1
106	4PePVe2iv75jEy9ePOsgA	Uhv2OoZ9kIuO6bURsvpy	axez-k6zPK8rKnC-79qqH
107	4PePVe2iv75jEy9ePOsgA	sskpe3M8JBxtgJasenGM	u-ramiPJKiIps7mZ2kBa3
108	4PePVe2iv75jEy9ePOsgA	uEC6nS6JD0VJGoHCjdsP	YBlVdL7E8CJbFX1vqVmbE
109	zWpac7HT9RWbdHUt4paQC	tBfFev65SegJSTvSGlus	8oufou4yPgo6-4raqmQpx
110	zWpac7HT9RWbdHUt4paQC	MHuVjryOzHHUIAI12Tkg	cze8-Opu7Ybv8h-WluX15
111	zWpac7HT9RWbdHUt4paQC	PR6nWsaUr1YTYsJcKEX4	wt9cwOsz_57koTCtOxiOz
112	VJSeUGZDRVwym0A787sPj	jHL18VfaUR9srDXABIan	IwOp7tjaB2NSHJk-i_pQN
113	VJSeUGZDRVwym0A787sPj	PSQB6Sv5RMWIdDybTWen	j1G5gnmwvJT4ew4nTRPdo
114	VJSeUGZDRVwym0A787sPj	pr0yeCH3XMTIMjmKEmNr	DL0MnoHSsg5q-BPpy-g1V
115	gqjn_5SAq3zKkJtQmhl9e	ITAqsJdf963VcD7mBO4Y	bvQU8rhXpB-pUnDBUY5Pi
116	gqjn_5SAq3zKkJtQmhl9e	XSrn8xH9TshtN4vBDqYP	jt3Y9zNDHWk1uQ9tr28j0
117	gqjn_5SAq3zKkJtQmhl9e	5HdBda8YCx0jkZSInBzC	LyPpx8qViZXBvQLtqQF8s
118	Yf0amKq1fLbkCroR7LopU	Vl0NezUe7krzu6ZKdf6N	sbMXBi_F5iwneTXtQzwey
119	Yf0amKq1fLbkCroR7LopU	apKpvdEIhjib9AWg9BQJ	eIfWTB-b3-xKtGLu0LFtl
120	Yf0amKq1fLbkCroR7LopU	kzR5jCwszm1JsPXMeZ3h	INVRZ0eIPJxB0RRftQ2Vg
121	KEfU7ArfFSk9bIIqnGgN-	27RuTitCh6Ued3rcc3CS	mnf0YLW8UfI1ufDKvFktp
122	KEfU7ArfFSk9bIIqnGgN-	bKCMAOvU3mMwSksMUubh	8qyKk3H-e2uFZMv2M-ELd
123	KEfU7ArfFSk9bIIqnGgN-	Azgj7qytQyovsuqipO3K	wNRuqnb0DiW2YYDjpCuTY
124	W8ZblVeghhDr5XcHQGYur	dRxvvkFZDxPbsVwmZxKo	TUrLATId17yw6Rw7riRau
125	W8ZblVeghhDr5XcHQGYur	3rC7ZyOoSyDmNfCsqfqu	ungtY9p1lyS2sA3PqnjgM
126	W8ZblVeghhDr5XcHQGYur	sTnwDEZRJFLFpcigqERI	T5NGwQ_2UEWZIoB_i8-sN
127	4b0vuWJZUUWaqsGW9qFM1	YNhqE95s1IPHYtpOpYSA	6rYYcqU3vcd5VD_h5aD47
128	4b0vuWJZUUWaqsGW9qFM1	5TkxHKLRvsBe32NVaIdu	NWr9wTsqDEOZbzdzMk8-Y
129	4b0vuWJZUUWaqsGW9qFM1	DOaymbUejirIVe8DYHvV	iLW0eCTctb2fHlmZyMo44
130	4HDFs0J582xH6n4rm5wVB	no4yqGPb4aSZ0rpGPXlc	aNZN2nasIpYnBLAiosWVA
131	4HDFs0J582xH6n4rm5wVB	V4HtlG9lAPGdhY7HotuT	kzlNETRARuig8_-piG6R8
132	4HDFs0J582xH6n4rm5wVB	IrVnNyjBLNfF7h4wnqRA	gTyiZ4YxR6q2YmGD4VEyZ
133	ESU-nW24rrjjRv4WypwtY	mTl4D6J0hjwrsGZ0enYc	60vHkbw61LeKvc2F07N5P
134	ESU-nW24rrjjRv4WypwtY	mNYLlnkBUt5dVEoG3Vi1	hzwLZigM4TuEfAqWzg4OL
135	ESU-nW24rrjjRv4WypwtY	iQtUS0JtGs4aau5squPp	3RXJrK4EZ3QL_TpFXXqXh
136	l4rotNsK2zPANXNWMYjNC	f15XIMCbzqjW8I8EEYZe	LPk_5qv4nmebQFjvt_8QD
137	l4rotNsK2zPANXNWMYjNC	hcELBAiYC4bnXAoZzVOr	dGvRLOfC6e2hi6TEPJLsq
138	l4rotNsK2zPANXNWMYjNC	hcELBAiYC4bnXAoZzVOr	B3xafiqW2DpB_e-aZaaW8
139	l4rotNsK2zPANXNWMYjNC	hcELBAiYC4bnXAoZzVOr	4mllufxZiA2Rz1i_kXYaA
140	l4rotNsK2zPANXNWMYjNC	hcELBAiYC4bnXAoZzVOr	QMCBIrDnoycZm9gJuPI1V
141	l4rotNsK2zPANXNWMYjNC	mJa9x7r7TQuvD8N5BV52	2jRzp6nSHZJarK0JujzVM
142	l4rotNsK2zPANXNWMYjNC	mJa9x7r7TQuvD8N5BV52	uBp5xKE65jZgTOkFMkJSF
143	l4rotNsK2zPANXNWMYjNC	mJa9x7r7TQuvD8N5BV52	lanFtiIRDls2A6oraJsTt
144	l4rotNsK2zPANXNWMYjNC	mJa9x7r7TQuvD8N5BV52	Cn3P4eT8Tu96vlXS5i908
145	l4rotNsK2zPANXNWMYjNC	BrK1NJ5JBqHqZqQCjyde	CGwOhCDtOcgIIBCu-5voz
146	l4rotNsK2zPANXNWMYjNC	BrK1NJ5JBqHqZqQCjyde	6OreIPb-p3VOIDS_AQ0ip
147	l4rotNsK2zPANXNWMYjNC	BrK1NJ5JBqHqZqQCjyde	M72-o_VNxGAMLokgRba6T
148	l4rotNsK2zPANXNWMYjNC	BrK1NJ5JBqHqZqQCjyde	lwMvT7GiPFObD4p6lDW6B
149	l4rotNsK2zPANXNWMYjNC	fSiAsFB8jHxncik9z587	-ab6h1hwmQ1HpFmOyKWaN
150	l4rotNsK2zPANXNWMYjNC	fSiAsFB8jHxncik9z587	YccdLvoJnsZnEPTqcqfoo
151	l4rotNsK2zPANXNWMYjNC	fSiAsFB8jHxncik9z587	4qCFMk8z-EVgkyXK9ETXc
152	l4rotNsK2zPANXNWMYjNC	fSiAsFB8jHxncik9z587	blQStE0piPPhnZLetH_QF
153	l4rotNsK2zPANXNWMYjNC	2BKMkNVtYtI2LPUZL2rH	yNC5AMSj_5FAMSJrC5-5n
154	l4rotNsK2zPANXNWMYjNC	2BKMkNVtYtI2LPUZL2rH	joEpdjCNNKIp5Swsqv9gZ
155	l4rotNsK2zPANXNWMYjNC	2BKMkNVtYtI2LPUZL2rH	5XEjDGbn730tZYR2OXG-x
156	l4rotNsK2zPANXNWMYjNC	2BKMkNVtYtI2LPUZL2rH	KSseHT88MWNHxB8UgCuAN
157	l4rotNsK2zPANXNWMYjNC	23HV11S1LRgXqHOAPbIl	0WKf0qblAFspSis9kPQqe
158	l4rotNsK2zPANXNWMYjNC	23HV11S1LRgXqHOAPbIl	9ZRXZfCfg545hBtVeuJ-3
159	l4rotNsK2zPANXNWMYjNC	23HV11S1LRgXqHOAPbIl	6aL0s1RbFUM9qtTZBHp5N
160	l4rotNsK2zPANXNWMYjNC	23HV11S1LRgXqHOAPbIl	NI5JpFMMvXvjFIsz3oG2i
161	l4rotNsK2zPANXNWMYjNC	FofSzOTjp8yQDojbrPG7	qHFpYud5ZxaWpn93pGDBn
162	l4rotNsK2zPANXNWMYjNC	FofSzOTjp8yQDojbrPG7	Ys-53P75MbiSyZ6QPNa4F
163	l4rotNsK2zPANXNWMYjNC	FofSzOTjp8yQDojbrPG7	KngXmyRhQdjmVLFX8Zf4H
164	l4rotNsK2zPANXNWMYjNC	FofSzOTjp8yQDojbrPG7	tDyMOdlJrLpc1AaQUuXQu
165	l4rotNsK2zPANXNWMYjNC	RngLGM5eQqFXCx0QfTIu	xB_bCLrMaZkp7ZDSNes3O
166	l4rotNsK2zPANXNWMYjNC	RngLGM5eQqFXCx0QfTIu	iJmRR4D2aTHylFUzr8Jkm
167	l4rotNsK2zPANXNWMYjNC	RngLGM5eQqFXCx0QfTIu	GdOChieL1e-rGIEFDRG47
168	l4rotNsK2zPANXNWMYjNC	RngLGM5eQqFXCx0QfTIu	itvZQ3AaI-SO61M0pBE5I
169	l4rotNsK2zPANXNWMYjNC	xuoOOuH9eOZ8XNz46C1u	7r5GoIP-NYo5K1lp95vPI
170	l4rotNsK2zPANXNWMYjNC	xuoOOuH9eOZ8XNz46C1u	S20Epx59ijxPZGLkU-9FJ
171	l4rotNsK2zPANXNWMYjNC	xuoOOuH9eOZ8XNz46C1u	oqkucsr5SpWB2OHaOkNMQ
172	lThAvGlVKVOYQmTsFPxqc	Ef8wtQJdTiTBigHLj47C	30Bz26JZPOzeFAU8XtY_A
173	lThAvGlVKVOYQmTsFPxqc	Ef8wtQJdTiTBigHLj47C	7YVEMDaa4tUxbgxBEK9Cl
174	lThAvGlVKVOYQmTsFPxqc	Ef8wtQJdTiTBigHLj47C	jryyn_p3g0SlLxoNS5KcS
175	lThAvGlVKVOYQmTsFPxqc	BteXcL7vaZgJSmthNUVc	MKhMWyqA7m91582i-wsI0
176	lThAvGlVKVOYQmTsFPxqc	BteXcL7vaZgJSmthNUVc	B8eBpm-JFHYfVndmiYnzK
177	lThAvGlVKVOYQmTsFPxqc	BteXcL7vaZgJSmthNUVc	7mdePbOQhWGNShNetyfix
178	lThAvGlVKVOYQmTsFPxqc	Vg2joIpJSSzieG6hzNhf	0CRqY_daUard1d7A8M91m
179	lThAvGlVKVOYQmTsFPxqc	Vg2joIpJSSzieG6hzNhf	e5d3ORjPiDU-0ifvgOOoV
180	lThAvGlVKVOYQmTsFPxqc	Vg2joIpJSSzieG6hzNhf	SxhEgQQZEvjblCZRAraiW
181	lThAvGlVKVOYQmTsFPxqc	VQ9hrXe5OLMuGaejxkIF	ySa9N6Pykp8aieat9olmd
182	lThAvGlVKVOYQmTsFPxqc	VQ9hrXe5OLMuGaejxkIF	ojgkHVOQTYUMmLMtDHDH7
183	lThAvGlVKVOYQmTsFPxqc	VQ9hrXe5OLMuGaejxkIF	KZYH--vRKbVFU_2eGSmMQ
184	lThAvGlVKVOYQmTsFPxqc	TECKb28reqwKLKn5yp7v	V3K6j8NBngoIAxdFrYxiC
185	lThAvGlVKVOYQmTsFPxqc	TECKb28reqwKLKn5yp7v	hFETp9zgEosxmoLGaKWwM
186	lThAvGlVKVOYQmTsFPxqc	TECKb28reqwKLKn5yp7v	ezZ50wl4AQNicTJ52jNwZ
