Handle,Title,Body (HTML),Vendor,Type,Tags,Published,Option1 Name,Option1 Value,Variant SKU,Variant Inventory Policy,Variant Fulfillment Service,Variant Price,Variant Requires Shipping,Variant Taxable,Image Src,Image Position,Status
"academy-kurs-yoga-grundlagen","Yoga Grundlagen – Atem, Haltung, Ruhe","<p>Ein ruhiger Einstieg ins Yoga: stabile Haltungen, bewusster Atem und kleine Sequenzen, die in jeden Morgen passen. Ohne Leistungsdruck, ohne Verbiegen.</p><h3>Module</h3><ul><li><strong>Ankommen im Körper</strong> — Wie du stehst, sitzt und liegst, bevor irgendeine Übung beginnt.</li><li><strong>Der Atem führt</strong> — Atem als Taktgeber für Bewegung und Stille.</li><li><strong>Deine erste Sequenz</strong> — Zwölf Haltungen, die zusammen einen Morgenfluss ergeben.</li></ul><p>Zugang zur Lebenskunst Academy auf Lebenszeit. Auch enthalten in der Kursbibliothek-Mitgliedschaft (88 €/Monat).</p>","YOU ARE NEO","Academy-Kurs","academy, kurs, Bewegung & Energie","FALSE","Title","Default Title","K001","continue","manual","60.00","FALSE","FALSE","https://fvd-data.s3.amazonaws.com/academy/3708781/1789393491-OaBYsr/yoga-grundlagen-kurs.jpg","1","draft"
"academy-kurs-atemarbeit","Atemarbeit – Die Kraft des Atems","<p>Atemtechniken aus Qi-Gong, Yoga und moderner Atemforschung: zum Beruhigen, zum Wachwerden und zum Loslassen.</p><h3>Module</h3><ul><li><strong>Wie Atmen wirkt</strong> — Was im Körper passiert, wenn sich der Atem verändert.</li><li><strong>Beruhigende Techniken</strong> — Verlängertes Ausatmen, Box-Atmung, Qi-Atem.</li><li><strong>Aktivierende Techniken</strong> — Kraftvolle Atemzyklen — mit klaren Sicherheitsregeln.</li></ul><p>Zugang zur Lebenskunst Academy auf Lebenszeit. Auch enthalten in der Kursbibliothek-Mitgliedschaft (88 €/Monat).</p>","YOU ARE NEO","Academy-Kurs","academy, kurs, Bewegung & Energie","FALSE","Title","Default Title","K002","continue","manual","50.00","FALSE","FALSE","https://fvd-data.s3.amazonaws.com/academy/3708781/1789394229-1KE8Zn/atemarbeit-kurs.jpg","1","draft"
"academy-kurs-ruecken-befreien","Rücken befreien – Wirbelsäule in Bewegung","<p>Sanfte Übungen aus Zhineng Qi-Gong und Faszienarbeit für einen beweglichen, aufgerichteten Rücken im Alltag.</p><h3>Module</h3><ul><li><strong>Die Wirbelsäule verstehen</strong> — Aufbau, Bewegungsrichtungen und warum sie Bewegung braucht.</li><li><strong>Lösen und Mobilisieren</strong> — Wellenbewegungen, Drehungen, sanftes Dehnen.</li><li><strong>Rücken im Alltag</strong> — Sitzen, Heben, Schlafen — kleine Veränderungen mit großer Wirkung.</li></ul><p>Zugang zur Lebenskunst Academy auf Lebenszeit. Auch enthalten in der Kursbibliothek-Mitgliedschaft (88 €/Monat).</p>","YOU ARE NEO","Academy-Kurs","academy, kurs, Bewegung & Energie","FALSE","Title","Default Title","K003","continue","manual","60.00","FALSE","FALSE","https://fvd-data.s3.amazonaws.com/academy/3708781/1789394417-WKiIpI/ruecken-befreien-kurs.jpg","1","draft"
"academy-kurs-holistic-pulsing","Holistic Pulsing – Heilsame Berührung","<p>Rhythmische, sanfte Körperarbeit, die tiefe Entspannung ermöglicht. Grundlagen für die Anwendung in Familie und Freundeskreis.</p><h3>Module</h3><ul><li><strong>Das Prinzip des Wiegens</strong> — Rhythmus, Wasser im Körper und die Kunst des Nichttuns.</li><li><strong>Die Hände lernen</strong> — Kontakt, Druck, Rhythmus und Präsenz.</li><li><strong>Eine Behandlung geben</strong> — Ablauf, Raum, Nachruhe und Rückmeldung.</li></ul><p>Zugang zur Lebenskunst Academy auf Lebenszeit. Auch enthalten in der Kursbibliothek-Mitgliedschaft (88 €/Monat).</p>","YOU ARE NEO","Academy-Kurs","academy, kurs, Bewegung & Energie","FALSE","Title","Default Title","K004","continue","manual","80.00","FALSE","FALSE","https://fvd-data.s3.amazonaws.com/academy/3708781/1789394381-Teacbn/holistic-pulsing-kurs.jpg","1","draft"
"academy-kurs-massage-energiepraxis","Massage & Energiepraxis","<p>Klassische Griffe, Akupressurpunkte und energetisches Arbeiten — verbunden zu einer achtsamen Massage für den Hausgebrauch.</p><h3>Module</h3><ul><li><strong>Grundgriffe</strong> — Streichen, Kneten, Reiben — sauber ausgeführt.</li><li><strong>Punkte und Bahnen</strong> — Ausgewählte Akupressurpunkte aus der chinesischen Tradition.</li><li><strong>Die ganze Behandlung</strong> — Vom Nacken bis zu den Füßen in dreißig Minuten.</li></ul><p>Zugang zur Lebenskunst Academy auf Lebenszeit. Auch enthalten in der Kursbibliothek-Mitgliedschaft (88 €/Monat).</p>","YOU ARE NEO","Academy-Kurs","academy, kurs, Bewegung & Energie","FALSE","Title","Default Title","K005","continue","manual","80.00","FALSE","FALSE","https://fvd-data.s3.amazonaws.com/academy/3708781/1789394393-hhi7DO/massage-energiepraxis-kurs.jpg","1","draft"
"academy-kurs-meditation-lernen","Meditation lernen – Der Weg nach innen","<p>Schritt für Schritt meditieren lernen: sitzen, wahrnehmen, loslassen. Die Grundlage für alle Meditationen der Academy.</p><h3>Module</h3><ul><li><strong>Sitzen</strong> — Eine Haltung finden, die trägt.</li><li><strong>Wahrnehmen</strong> — Atem, Körper, Geräusche, Gedanken.</li><li><strong>Im Alltag bleiben</strong> — Meditation, die nicht auf dem Kissen endet.</li></ul><p>Zugang zur Lebenskunst Academy auf Lebenszeit. Auch enthalten in der Kursbibliothek-Mitgliedschaft (88 €/Monat).</p>","YOU ARE NEO","Academy-Kurs","academy, kurs, Bewegung & Energie","FALSE","Title","Default Title","K006","continue","manual","50.00","FALSE","FALSE","https://fvd-data.s3.amazonaws.com/academy/3708781/1789394395-iDrUXM/meditation-lernen-kurs.jpg","1","draft"
"academy-kurs-kung-fu","Kung Fu Grundlagen","<p>Stände, Schritte und Grundtechniken des traditionellen Kung Fu — als Weg zu Kraft, Haltung und innerer Ruhe.</p><h3>Module</h3><ul><li><strong>Die Stände</strong> — Pferdestand, Bogenstand, Katzenstand.</li><li><strong>Hände und Füße</strong> — Fauststöße, Blöcke, Tritte in sauberer Form.</li><li><strong>Die erste Form</strong> — Bewegungen verbinden sich zu einer Abfolge.</li></ul><p>Zugang zur Lebenskunst Academy auf Lebenszeit. Auch enthalten in der Kursbibliothek-Mitgliedschaft (88 €/Monat).</p>","YOU ARE NEO","Academy-Kurs","academy, kurs, Kampfkunst","FALSE","Title","Default Title","K007","continue","manual","70.00","FALSE","FALSE","https://fvd-data.s3.amazonaws.com/academy/3708781/1789394390-eLGAWh/kung-fu-kurs.jpg","1","draft"
"academy-kurs-batto-jutsu","Enshin Itto Ryu Batto Jutsu – Der Weg des Schwertes","<p>Die Kunst des Schwertziehens: Etikette, Haltung und die ersten Formen. Ein Weg zu Konzentration und Klarheit.</p><h3>Module</h3><ul><li><strong>Reigi – die Etikette</strong> — Respekt vor Schwert, Raum und Gegenüber.</li><li><strong>Das Schwert kennen</strong> — Aufbau, Handhabung, Sicherheit.</li><li><strong>Die ersten Kata</strong> — Ziehen, Schneiden, Reinigen, Zurückführen.</li></ul><p>Zugang zur Lebenskunst Academy auf Lebenszeit. Auch enthalten in der Kursbibliothek-Mitgliedschaft (88 €/Monat).</p>","YOU ARE NEO","Academy-Kurs","academy, kurs, Kampfkunst","FALSE","Title","Default Title","K008","continue","manual","90.00","FALSE","FALSE","https://fvd-data.s3.amazonaws.com/academy/3708781/1789394236-g94e1s/batto-jutsu-kurs.jpg","1","draft"
"academy-kurs-selbstverteidigung","Selbstverteidigung im Alltag","<p>Grenzen erkennen, Konflikte entschärfen, sich im Ernstfall befreien. Für alle, unabhängig von Alter und Kraft.</p><h3>Module</h3><ul><li><strong>Bevor es passiert</strong> — Wahrnehmung, Körpersprache, Abstand.</li><li><strong>Die Stimme und die Grenze</strong> — Klar sprechen, laut werden, Hilfe holen.</li><li><strong>Befreiungen</strong> — Einfache Techniken gegen Griffe.</li></ul><p>Zugang zur Lebenskunst Academy auf Lebenszeit. Auch enthalten in der Kursbibliothek-Mitgliedschaft (88 €/Monat).</p>","YOU ARE NEO","Academy-Kurs","academy, kurs, Kampfkunst","FALSE","Title","Default Title","K009","continue","manual","60.00","FALSE","FALSE","https://fvd-data.s3.amazonaws.com/academy/3708781/1789394424-hvB8KU/selbstverteidigung-kurs.jpg","1","draft"
"academy-kurs-ninjutsu-vertiefung","Ninjutsu – Taijutsu und die Kunst der Anpassung","<p>Aufbauend auf „Die Kunst des Kämpfens"": fließende Körperbewegung, Distanz und Timing im Bujinkan Ninjutsu.</p><h3>Module</h3><ul><li><strong>Taijutsu</strong> — Der Körper als Ganzes bewegt sich.</li><li><strong>Distanz und Timing</strong> — Ma-ai — der richtige Abstand zur richtigen Zeit.</li><li><strong>Anpassung</strong> — Nicht gegen die Kraft, sondern mit ihr.</li></ul><p>Zugang zur Lebenskunst Academy auf Lebenszeit. Auch enthalten in der Kursbibliothek-Mitgliedschaft (88 €/Monat).</p>","YOU ARE NEO","Academy-Kurs","academy, kurs, Kampfkunst","FALSE","Title","Default Title","K010","continue","manual","80.00","FALSE","FALSE","https://fvd-data.s3.amazonaws.com/academy/3708781/1789394406-tVLEqx/ninjutsu-vertiefung-kurs.jpg","1","draft"
"academy-kurs-schamanische-reise","Schamanische Reise & Krafttiere","<p>Die Grundlagen der schamanischen Reise: Rhythmus, Absicht, Rückkehr — und die Begegnung mit dem eigenen Krafttier.</p><h3>Module</h3><ul><li><strong>Die drei Welten</strong> — Untere, mittlere und obere Welt im schamanischen Weltbild.</li><li><strong>Die Reise</strong> — Trommel, Absicht und sichere Rückkehr.</li><li><strong>Krafttiere</strong> — Begegnung, Beziehung, Botschaft.</li></ul><p>Zugang zur Lebenskunst Academy auf Lebenszeit. Auch enthalten in der Kursbibliothek-Mitgliedschaft (88 €/Monat).</p>","YOU ARE NEO","Academy-Kurs","academy, kurs, Schamanismus & Bewusstsein","FALSE","Title","Default Title","K011","continue","manual","70.00","FALSE","FALSE","https://fvd-data.s3.amazonaws.com/academy/3708781/1789394419-dLCwNh/schamanische-reise-kurs.jpg","1","draft"
"academy-kurs-rituale-jahreskreis","Rituale im Jahreskreis","<p>Sonnwenden, Tagundnachtgleichen und Mondzeiten als Anker im Jahr — mit einfachen Ritualen für dich und deine Gemeinschaft.</p><h3>Module</h3><ul><li><strong>Warum Rituale</strong> — Übergänge bewusst gestalten.</li><li><strong>Die acht Feste</strong> — Vom Wintersonnwend bis Samhain.</li><li><strong>Eigene Rituale</strong> — Einfach, ehrlich, wiederholbar.</li></ul><p>Zugang zur Lebenskunst Academy auf Lebenszeit. Auch enthalten in der Kursbibliothek-Mitgliedschaft (88 €/Monat).</p>","YOU ARE NEO","Academy-Kurs","academy, kurs, Schamanismus & Bewusstsein","FALSE","Title","Default Title","K012","continue","manual","50.00","FALSE","FALSE","https://fvd-data.s3.amazonaws.com/academy/3708781/1789394415-AkYCvT/rituale-jahreskreis-kurs.jpg","1","draft"
"academy-kurs-traumarbeit","Traumarbeit & Klarträumen","<p>Träume erinnern, verstehen und bewusst im Traum erwachen. Ein alter Weg zur Selbsterkenntnis.</p><h3>Module</h3><ul><li><strong>Träume erinnern</strong> — Das Traumtagebuch und der Moment des Aufwachens.</li><li><strong>Träume verstehen</strong> — Symbole, Gefühle und persönliche Bedeutung.</li><li><strong>Klarträumen</strong> — Realitätschecks und das Erwachen im Traum.</li></ul><p>Zugang zur Lebenskunst Academy auf Lebenszeit. Auch enthalten in der Kursbibliothek-Mitgliedschaft (88 €/Monat).</p>","YOU ARE NEO","Academy-Kurs","academy, kurs, Schamanismus & Bewusstsein","FALSE","Title","Default Title","K013","continue","manual","60.00","FALSE","FALSE","https://fvd-data.s3.amazonaws.com/academy/3708781/1789394431-IkzAZn/traumarbeit-kurs.jpg","1","draft"
"academy-kurs-frequenz-labor","Frequenz Labor – Klang, Schwingung, Resonanz","<p>Wie Klang auf Körper und Geist wirkt: Obertöne, Klangschalen, Solfeggio und eigene Experimente — neugierig und nüchtern zugleich.</p><h3>Module</h3><ul><li><strong>Was Schwingung ist</strong> — Physik von Klang und Resonanz, einfach erklärt.</li><li><strong>Instrumente</strong> — Klangschalen, Monochord, Stimme, Trommel.</li><li><strong>Eigene Experimente</strong> — Beobachten, aufschreiben, vergleichen.</li></ul><p>Zugang zur Lebenskunst Academy auf Lebenszeit. Auch enthalten in der Kursbibliothek-Mitgliedschaft (88 €/Monat).</p>","YOU ARE NEO","Academy-Kurs","academy, kurs, Schamanismus & Bewusstsein","FALSE","Title","Default Title","K014","continue","manual","70.00","FALSE","FALSE","https://fvd-data.s3.amazonaws.com/academy/3708781/1789394372-hiSYYp/frequenz-labor-kurs.jpg","1","draft"
"academy-kurs-moderne-techniken","Moderne Bewusstseinstechniken","<p>Biofeedback, Herzkohärenz, Binaurale Beats und Neurowissen — was moderne Werkzeuge über alte Praktiken verraten.</p><h3>Module</h3><ul><li><strong>Herz und Hirn</strong> — Herzratenvariabilität und Kohärenz.</li><li><strong>Werkzeuge</strong> — Apps, Sensoren, Klänge — und ihre Grenzen.</li><li><strong>Alt trifft neu</strong> — Meditation, Qi-Gong und Messbarkeit.</li></ul><p>Zugang zur Lebenskunst Academy auf Lebenszeit. Auch enthalten in der Kursbibliothek-Mitgliedschaft (88 €/Monat).</p>","YOU ARE NEO","Academy-Kurs","academy, kurs, Schamanismus & Bewusstsein","FALSE","Title","Default Title","K015","continue","manual","60.00","FALSE","FALSE","https://fvd-data.s3.amazonaws.com/academy/3708781/1789394397-TpZifA/moderne-techniken-kurs.jpg","1","draft"
"academy-kurs-intuition","Intuition & innere Stimme","<p>Die innere Stimme von Angst und Wunsch unterscheiden lernen — mit Übungen für Körper, Gefühl und Entscheidung.</p><h3>Module</h3><ul><li><strong>Was Intuition ist</strong> — Schnelles Wissen aus Erfahrung und Gespür.</li><li><strong>Unterscheiden lernen</strong> — Intuition, Angst und Wunschdenken.</li><li><strong>Entscheiden</strong> — Intuition im Alltag anwenden.</li></ul><p>Zugang zur Lebenskunst Academy auf Lebenszeit. Auch enthalten in der Kursbibliothek-Mitgliedschaft (88 €/Monat).</p>","YOU ARE NEO","Academy-Kurs","academy, kurs, Schamanismus & Bewusstsein","FALSE","Title","Default Title","K016","continue","manual","50.00","FALSE","FALSE","https://fvd-data.s3.amazonaws.com/academy/3708781/1789394383-fLJbB8/intuition-kurs.jpg","1","draft"
"academy-kurs-permakultur","Permakultur & Gemüsegarten","<p>Gärten, die mit der Natur arbeiten statt gegen sie: Boden, Mischkultur, Wasser und Kreisläufe — vom Balkon bis zum Hof.</p><h3>Module</h3><ul><li><strong>Die Prinzipien</strong> — Beobachten, Kreisläufe schließen, Vielfalt nutzen.</li><li><strong>Lebendiger Boden</strong> — Kompost, Mulch und Bodenleben.</li><li><strong>Mischkultur</strong> — Pflanzen, die sich gegenseitig helfen.</li></ul><p>Zugang zur Lebenskunst Academy auf Lebenszeit. Auch enthalten in der Kursbibliothek-Mitgliedschaft (88 €/Monat).</p>","YOU ARE NEO","Academy-Kurs","academy, kurs, Heilwissen & Natur","FALSE","Title","Default Title","K017","continue","manual","80.00","FALSE","FALSE","https://fvd-data.s3.amazonaws.com/academy/3708781/1789394409-kEwrdO/permakultur-kurs.jpg","1","draft"
"academy-kurs-selbstversorgung","Selbstversorgung – Haltbar machen, Fermentieren, Vorrat","<p>Einkochen, Fermentieren, Trocknen und Lagern: alte Techniken für eine unabhängige, gesunde Vorratskammer.</p><h3>Module</h3><ul><li><strong>Fermentieren</strong> — Sauerkraut, Kimchi, Kombucha.</li><li><strong>Einkochen und Trocknen</strong> — Sicher konservieren ohne Zusatzstoffe.</li><li><strong>Die Vorratskammer</strong> — Planen, lagern, rotieren.</li></ul><p>Zugang zur Lebenskunst Academy auf Lebenszeit. Auch enthalten in der Kursbibliothek-Mitgliedschaft (88 €/Monat).</p>","YOU ARE NEO","Academy-Kurs","academy, kurs, Heilwissen & Natur","FALSE","Title","Default Title","K018","continue","manual","60.00","FALSE","FALSE","https://fvd-data.s3.amazonaws.com/academy/3708781/1789394422-KL7NcB/selbstversorgung-kurs.jpg","1","draft"
"academy-kurs-waldwissen","Waldwissen – Bäume, Böden, Wildnis","<p>Den Wald lesen lernen: Baumarten, Pilznetzwerke, Spuren und die Stille zwischen den Stämmen.</p><h3>Module</h3><ul><li><strong>Bäume erkennen</strong> — Rinde, Blatt, Wuchs und Standort.</li><li><strong>Das unsichtbare Netz</strong> — Wurzeln, Pilze und Austausch unter der Erde.</li><li><strong>Im Wald sein</strong> — Waldbaden, Orientierung, Respekt.</li></ul><p>Zugang zur Lebenskunst Academy auf Lebenszeit. Auch enthalten in der Kursbibliothek-Mitgliedschaft (88 €/Monat).</p>","YOU ARE NEO","Academy-Kurs","academy, kurs, Heilwissen & Natur","FALSE","Title","Default Title","K019","continue","manual","50.00","FALSE","FALSE","https://fvd-data.s3.amazonaws.com/academy/3708781/1789394433-54xJvf/waldwissen-kurs.jpg","1","draft"
"academy-kurs-hausapotheke","Naturheilkunde für die Hausapotheke","<p>Tees, Wickel, Auflagen und Salben für kleine Alltagsbeschwerden — mit klarer Grenze, wann ärztliche Hilfe nötig ist.</p><h3>Module</h3><ul><li><strong>Grundausstattung</strong> — Was in eine natürliche Hausapotheke gehört.</li><li><strong>Anwendungen</strong> — Tee, Wickel, Auflage, Dampfbad.</li><li><strong>Grenzen kennen</strong> — Wann Naturheilkunde reicht und wann nicht.</li></ul><p>Zugang zur Lebenskunst Academy auf Lebenszeit. Auch enthalten in der Kursbibliothek-Mitgliedschaft (88 €/Monat).</p>","YOU ARE NEO","Academy-Kurs","academy, kurs, Heilwissen & Natur","FALSE","Title","Default Title","K020","continue","manual","60.00","FALSE","FALSE","https://fvd-data.s3.amazonaws.com/academy/3708781/1789394378-e11ghh/hausapotheke-kurs.jpg","1","draft"
"academy-kurs-wasser","Wasser – Quelle des Lebens","<p>Woher unser Wasser kommt, was es trägt und wie wir es schützen: Quellen, Filter, Kreisläufe und die Kultur des Wassers.</p><h3>Module</h3><ul><li><strong>Der Kreislauf</strong> — Vom Regen zur Quelle zum Meer.</li><li><strong>Trinkwasser</strong> — Qualität, Filterung, Speicherung.</li><li><strong>Wasser schützen</strong> — Im Haushalt, im Garten, in der Gemeinde.</li></ul><p>Zugang zur Lebenskunst Academy auf Lebenszeit. Auch enthalten in der Kursbibliothek-Mitgliedschaft (88 €/Monat).</p>","YOU ARE NEO","Academy-Kurs","academy, kurs, Heilwissen & Natur","FALSE","Title","Default Title","K021","continue","manual","40.00","FALSE","FALSE","https://fvd-data.s3.amazonaws.com/academy/3708781/1789394435-IJtqMw/wasser-kurs.jpg","1","draft"
"academy-kurs-heilfasten","Fasten – Grundlagen und Grenzen","<p>Intervallfasten, Fastenwochen und bewusster Verzicht — mit Vorbereitung, Begleitung und klaren Ausschlusskriterien.</p><h3>Module</h3><ul><li><strong>Warum Fasten</strong> — Tradition, Körper und Geist.</li><li><strong>Formen des Fastens</strong> — Intervall, Saft, Wasser — Unterschiede und Risiken.</li><li><strong>Die Fastenwoche</strong> — Entlastung, Fasten, Aufbau.</li></ul><p>Zugang zur Lebenskunst Academy auf Lebenszeit. Auch enthalten in der Kursbibliothek-Mitgliedschaft (88 €/Monat).</p>","YOU ARE NEO","Academy-Kurs","academy, kurs, Heilwissen & Natur","FALSE","Title","Default Title","K022","continue","manual","50.00","FALSE","FALSE","https://fvd-data.s3.amazonaws.com/academy/3708781/1789394380-y3VVOS/heilfasten-kurs.jpg","1","draft"
"academy-kurs-bienen","Bienen & Bestäuber schützen","<p>Wildbienen, Honigbienen und Schmetterlinge verstehen — und Gärten, Balkone und Wiesen zu Lebensräumen machen.</p><h3>Module</h3><ul><li><strong>Die Bestäuber</strong> — Wer bestäubt eigentlich was?</li><li><strong>Lebensraum schaffen</strong> — Blühpflanzen, Nisthilfen, Wasserstellen.</li><li><strong>Imkern mit Respekt</strong> — Wesensgemäße Bienenhaltung im Überblick.</li></ul><p>Zugang zur Lebenskunst Academy auf Lebenszeit. Auch enthalten in der Kursbibliothek-Mitgliedschaft (88 €/Monat).</p>","YOU ARE NEO","Academy-Kurs","academy, kurs, Heilwissen & Natur","FALSE","Title","Default Title","K023","continue","manual","40.00","FALSE","FALSE","https://fvd-data.s3.amazonaws.com/academy/3708781/1789394363-Rg758k/bienen-kurs.jpg","1","draft"
"academy-kurs-natuerlich-bauen","Natürlich bauen – Lehm, Holz, Stroh","<p>Bauen mit Materialien, die atmen und zurück in den Kreislauf können. Grundlagen aus der Praxis von Gemeinschaftsprojekten wie Awen.</p><h3>Module</h3><ul><li><strong>Baustoffe der Erde</strong> — Lehm, Holz, Stroh, Stein, Kalk.</li><li><strong>Techniken</strong> — Lehmputz, Strohballen, Holzverbindungen.</li><li><strong>Gemeinsam bauen</strong> — Planung, Genehmigung, Mitmach-Baustellen.</li></ul><p>Zugang zur Lebenskunst Academy auf Lebenszeit. Auch enthalten in der Kursbibliothek-Mitgliedschaft (88 €/Monat).</p>","YOU ARE NEO","Academy-Kurs","academy, kurs, Heilwissen & Natur","FALSE","Title","Default Title","K024","continue","manual","90.00","FALSE","FALSE","https://fvd-data.s3.amazonaws.com/academy/3708781/1789394400-3891OO/natuerlich-bauen-kurs.jpg","1","draft"
"academy-kurs-ai-art","AI ART – Kunst mit künstlicher Intelligenz","<p>Bilder, Klänge und Geschichten gemeinsam mit KI erschaffen — mit eigener Handschrift und klarem Blick auf Urheberschaft und Verantwortung.</p><h3>Module</h3><ul><li><strong>Werkzeuge</strong> — Bild-, Video- und Musik-KI im Überblick.</li><li><strong>Die eigene Handschrift</strong> — Stil, Auswahl und Nachbearbeitung.</li><li><strong>Verantwortung</strong> — Urheberrecht, Kennzeichnung, Ehrlichkeit.</li></ul><p>Zugang zur Lebenskunst Academy auf Lebenszeit. Auch enthalten in der Kursbibliothek-Mitgliedschaft (88 €/Monat).</p>","YOU ARE NEO","Academy-Kurs","academy, kurs, Kunst & Musik","FALSE","Title","Default Title","K025","continue","manual","60.00","FALSE","FALSE","https://fvd-data.s3.amazonaws.com/academy/3708781/1789394222-zYbs2D/ai-art-kurs.jpg","1","draft"
"academy-kurs-nature-art","Nature ART – Kunst als Brücke zur Natur","<p>Land Art, Naturmaterialien und vergängliche Werke: Kunst, die draußen entsteht und die Natur ehrt.</p><h3>Module</h3><ul><li><strong>Sehen lernen</strong> — Formen, Farben und Muster in der Natur.</li><li><strong>Land Art</strong> — Kreise, Linien, Spiralen aus dem, was da ist.</li><li><strong>Vergänglichkeit</strong> — Fotografieren, loslassen, weitergeben.</li></ul><p>Zugang zur Lebenskunst Academy auf Lebenszeit. Auch enthalten in der Kursbibliothek-Mitgliedschaft (88 €/Monat).</p>","YOU ARE NEO","Academy-Kurs","academy, kurs, Kunst & Musik","FALSE","Title","Default Title","K026","continue","manual","50.00","FALSE","FALSE","https://fvd-data.s3.amazonaws.com/academy/3708781/1789394404-iJpcdK/nature-art-kurs.jpg","1","draft"
"academy-kurs-musik-produzieren","Musik produzieren – Sounds, Beats, Videos","<p>Vom ersten Klang zum fertigen Stück und Musikvideo: Aufnahme, Arrangement, Mischung und Veröffentlichung.</p><h3>Module</h3><ul><li><strong>Das Studio zu Hause</strong> — Was man wirklich braucht.</li><li><strong>Vom Klang zum Stück</strong> — Aufnehmen, arrangieren, mischen.</li><li><strong>Das Musikvideo</strong> — Bilder, Schnitt und Veröffentlichung.</li></ul><p>Zugang zur Lebenskunst Academy auf Lebenszeit. Auch enthalten in der Kursbibliothek-Mitgliedschaft (88 €/Monat).</p>","YOU ARE NEO","Academy-Kurs","academy, kurs, Kunst & Musik","FALSE","Title","Default Title","K027","continue","manual","80.00","FALSE","FALSE","https://fvd-data.s3.amazonaws.com/academy/3708781/1789394398-w7so8m/musik-produzieren-kurs.jpg","1","draft"
"academy-kurs-stimme-gesang","Stimme & Gesang befreien","<p>Die eigene Stimme finden und frei klingen lassen: Atem, Resonanz, Obertöne und gemeinsames Singen.</p><h3>Module</h3><ul><li><strong>Der Atem trägt</strong> — Stütze, Haltung und Entspannung.</li><li><strong>Resonanz</strong> — Kopf, Brust, Maske — die Räume der Stimme.</li><li><strong>Gemeinsam singen</strong> — Kreislieder, Mantren, Obertonsingen.</li></ul><p>Zugang zur Lebenskunst Academy auf Lebenszeit. Auch enthalten in der Kursbibliothek-Mitgliedschaft (88 €/Monat).</p>","YOU ARE NEO","Academy-Kurs","academy, kurs, Kunst & Musik","FALSE","Title","Default Title","K028","continue","manual","60.00","FALSE","FALSE","https://fvd-data.s3.amazonaws.com/academy/3708781/1789394426-Td1EIG/stimme-gesang-kurs.jpg","1","draft"
"academy-kurs-intuitives-malen","Intuitives Malen & Gestalten","<p>Malen ohne Vorlage und ohne Bewertung: Farbe, Geste und Ausdruck als Weg zu dir selbst.</p><h3>Module</h3><ul><li><strong>Farbe und Gefühl</strong> — Warum Farben wirken.</li><li><strong>Die freie Geste</strong> — Große Formate, Pinsel, Hände.</li><li><strong>Das Bild spricht</strong> — Betrachten statt beurteilen.</li></ul><p>Zugang zur Lebenskunst Academy auf Lebenszeit. Auch enthalten in der Kursbibliothek-Mitgliedschaft (88 €/Monat).</p>","YOU ARE NEO","Academy-Kurs","academy, kurs, Kunst & Musik","FALSE","Title","Default Title","K029","continue","manual","50.00","FALSE","FALSE","https://fvd-data.s3.amazonaws.com/academy/3708781/1789394386-YJRG20/intuitives-malen-kurs.jpg","1","draft"
"academy-kurs-film-smartphone","Filmen mit dem Smartphone – Geschichten erzählen","<p>So entstehen Beiträge für NEO TV: Idee, Bild, Ton, Schnitt und Veröffentlichung — alles mit dem Gerät in deiner Tasche.</p><h3>Module</h3><ul><li><strong>Die Geschichte</strong> — Idee, Aufbau, Kernaussage.</li><li><strong>Bild und Ton</strong> — Licht, Einstellungen, Mikrofon.</li><li><strong>Schnitt</strong> — Rhythmus, Übergänge, Untertitel.</li></ul><p>Zugang zur Lebenskunst Academy auf Lebenszeit. Auch enthalten in der Kursbibliothek-Mitgliedschaft (88 €/Monat).</p>","YOU ARE NEO","Academy-Kurs","academy, kurs, Kunst & Musik","FALSE","Title","Default Title","K030","continue","manual","60.00","FALSE","FALSE","https://fvd-data.s3.amazonaws.com/academy/3708781/1789394367-nJ3a3J/film-smartphone-kurs.jpg","1","draft"
"academy-kurs-gewaltfreie-kommunikation","Gewaltfreie Kommunikation","<p>Beobachten, fühlen, brauchen, bitten: die vier Schritte, die Konflikte in Verbindung verwandeln.</p><h3>Module</h3><ul><li><strong>Die vier Schritte</strong> — Beobachtung, Gefühl, Bedürfnis, Bitte.</li><li><strong>Empathisch zuhören</strong> — Hinter den Worten das Bedürfnis hören.</li><li><strong>Im Konflikt</strong> — GFK, wenn es wirklich schwer wird.</li></ul><p>Zugang zur Lebenskunst Academy auf Lebenszeit. Auch enthalten in der Kursbibliothek-Mitgliedschaft (88 €/Monat).</p>","YOU ARE NEO","Academy-Kurs","academy, kurs, Leben & Gemeinschaft","FALSE","Title","Default Title","K031","continue","manual","60.00","FALSE","FALSE","https://fvd-data.s3.amazonaws.com/academy/3708781/1789394376-ATJetl/gewaltfreie-kommunikation-kurs.jpg","1","draft"
"academy-kurs-gemeinschaft-gruenden","Gemeinschaft gründen – Wohnprojekte & Ökodörfer","<p>Von der Idee zum Lebensort: Visionen, Entscheidungsformen, Rechtsformen und Finanzierung — mit Erfahrungen aus Awen und SOSO Space.</p><h3>Module</h3><ul><li><strong>Die Vision</strong> — Was wollen wir gemeinsam — und was nicht?</li><li><strong>Entscheiden</strong> — Konsens, Konsent, Soziokratie.</li><li><strong>Rechtsform und Geld</strong> — Verein, Genossenschaft, Stiftung.</li></ul><p>Zugang zur Lebenskunst Academy auf Lebenszeit. Auch enthalten in der Kursbibliothek-Mitgliedschaft (88 €/Monat).</p>","YOU ARE NEO","Academy-Kurs","academy, kurs, Leben & Gemeinschaft","FALSE","Title","Default Title","K032","continue","manual","90.00","FALSE","FALSE","https://fvd-data.s3.amazonaws.com/academy/3708781/1789394374-eOIod8/gemeinschaft-gruenden-kurs.jpg","1","draft"
"academy-kurs-tauschen-teilen","Tauschen, Teilen, Schenken – Wirtschaft der Gemeinschaft","<p>Tauschbörsen, Zeitbanken und Schenkkreise: wie Gemeinschaften ohne Geld Werte schaffen — so wie auf den Pinnwänden des Vereins.</p><h3>Module</h3><ul><li><strong>Jenseits des Geldes</strong> — Was Wert eigentlich ist.</li><li><strong>Modelle</strong> — Tauschbörse, Zeitbank, Regionalwährung.</li><li><strong>Selbst starten</strong> — Eine Tauschgruppe in deinem Ort.</li></ul><p>Zugang zur Lebenskunst Academy auf Lebenszeit. Auch enthalten in der Kursbibliothek-Mitgliedschaft (88 €/Monat).</p>","YOU ARE NEO","Academy-Kurs","academy, kurs, Leben & Gemeinschaft","FALSE","Title","Default Title","K033","continue","manual","40.00","FALSE","FALSE","https://fvd-data.s3.amazonaws.com/academy/3708781/1789394428-kgZIeN/tauschen-teilen-kurs.jpg","1","draft"
"academy-kurs-beziehungen","Beziehungen & Partnerschaft","<p>Nähe, Freiheit und Wachstum in Beziehungen: Bindung verstehen, Konflikte klären, Liebe lebendig halten.</p><h3>Module</h3><ul><li><strong>Bindung</strong> — Wie frühe Erfahrungen heutige Beziehungen prägen.</li><li><strong>Klären</strong> — Streiten, ohne sich zu verlieren.</li><li><strong>Lebendig bleiben</strong> — Rituale, Freiraum und Wachstum.</li></ul><p>Zugang zur Lebenskunst Academy auf Lebenszeit. Auch enthalten in der Kursbibliothek-Mitgliedschaft (88 €/Monat).</p>","YOU ARE NEO","Academy-Kurs","academy, kurs, Leben & Gemeinschaft","FALSE","Title","Default Title","K034","continue","manual","60.00","FALSE","FALSE","https://fvd-data.s3.amazonaws.com/academy/3708781/1789394361-2VRvLK/beziehungen-kurs.jpg","1","draft"
"academy-kurs-traeume-verwirklichen","Träume verwirklichen – Vom Wunsch zum Plan","<p>Die eigene Vision finden, in Schritte übersetzen und dranbleiben. Das Handwerk hinter jedem großen Lebensentwurf.</p><h3>Module</h3><ul><li><strong>Die Vision</strong> — Was willst du wirklich?</li><li><strong>Der Plan</strong> — Ziele, Etappen, erste Schritte.</li><li><strong>Dranbleiben</strong> — Gewohnheiten, Rückschläge, Gemeinschaft.</li></ul><p>Zugang zur Lebenskunst Academy auf Lebenszeit. Auch enthalten in der Kursbibliothek-Mitgliedschaft (88 €/Monat).</p>","YOU ARE NEO","Academy-Kurs","academy, kurs, Leben & Gemeinschaft","FALSE","Title","Default Title","K035","continue","manual","70.00","FALSE","FALSE","https://fvd-data.s3.amazonaws.com/academy/3708781/1789394429-HqQ1q9/traeume-verwirklichen-kurs.jpg","1","draft"
"academy-kurs-retreat-leitung","Retreats & Seminare leiten – Räume halten","<p>Für alle, die ihr Wissen weitergeben wollen: Retreats planen, Gruppen führen und sichere Räume halten.</p><h3>Module</h3><ul><li><strong>Planung</strong> — Ort, Ablauf, Kalkulation.</li><li><strong>Gruppen führen</strong> — Ankommen, Dynamik, Konflikte.</li><li><strong>Sichere Räume</strong> — Grenzen, Einverständnis, Nachsorge.</li></ul><p>Zugang zur Lebenskunst Academy auf Lebenszeit. Auch enthalten in der Kursbibliothek-Mitgliedschaft (88 €/Monat).</p>","YOU ARE NEO","Academy-Kurs","academy, kurs, Leben & Gemeinschaft","FALSE","Title","Default Title","K036","continue","manual","90.00","FALSE","FALSE","https://fvd-data.s3.amazonaws.com/academy/3708781/1789394413-c2VqEQ/retreat-leitung-kurs.jpg","1","draft"
"academy-kurs-finanzielle-freiheit","Finanzielle Freiheit – Budget, Schulden, Rücklagen","<p>Überblick über das eigene Geld gewinnen: Budget, Schuldenabbau und Rücklagen. Mit Budgetplan zum Ausfüllen.</p><h3>Module</h3><ul><li><strong>Der Überblick</strong> — Was reinkommt, was rausgeht.</li><li><strong>Schulden abbauen</strong> — Schneeball- und Lawinenmethode.</li><li><strong>Rücklagen</strong> — Notgroschen, Ziele, Gelassenheit.</li></ul><p>Zugang zur Lebenskunst Academy auf Lebenszeit. Auch enthalten in der Kursbibliothek-Mitgliedschaft (88 €/Monat).</p>","YOU ARE NEO","Academy-Kurs","academy, kurs, Geld & Beruf","FALSE","Title","Default Title","K037","continue","manual","50.00","FALSE","FALSE","https://fvd-data.s3.amazonaws.com/academy/3708781/1789394369-4lNTpt/finanzielle-freiheit-kurs.jpg","1","draft"
"academy-kurs-berufung","Berufung finden – Arbeit, die zu dir passt","<p>Stärken, Werte und Leidenschaften zusammenbringen — und Wege finden, davon zu leben, ohne sich zu verbiegen.</p><h3>Module</h3><ul><li><strong>Wer du bist</strong> — Stärken, Werte, Talente.</li><li><strong>Möglichkeiten</strong> — Anstellung, Selbstständigkeit, Mischformen.</li><li><strong>Der Übergang</strong> — Schritt für Schritt statt Sprung ins Leere.</li></ul><p>Zugang zur Lebenskunst Academy auf Lebenszeit. Auch enthalten in der Kursbibliothek-Mitgliedschaft (88 €/Monat).</p>","YOU ARE NEO","Academy-Kurs","academy, kurs, Geld & Beruf","FALSE","Title","Default Title","K038","continue","manual","60.00","FALSE","FALSE","https://fvd-data.s3.amazonaws.com/academy/3708781/1789394359-FtYftS/berufung-kurs.jpg","1","draft"
"academy-kurs-selbststaendig-mit-herz","Selbstständig mit Herz – Gründen ohne Ausbeutung","<p>Ein eigenes Angebot aufbauen, faire Preise finden und wirtschaften, ohne sich selbst oder andere auszubeuten.</p><h3>Module</h3><ul><li><strong>Das Angebot</strong> — Was du gibst und wem es hilft.</li><li><strong>Faire Preise</strong> — Kalkulation, Wert und Zugänglichkeit.</li><li><strong>Nachhaltig wirtschaften</strong> — Buchhaltung, Rücklagen, Grenzen.</li></ul><p>Zugang zur Lebenskunst Academy auf Lebenszeit. Auch enthalten in der Kursbibliothek-Mitgliedschaft (88 €/Monat).</p>","YOU ARE NEO","Academy-Kurs","academy, kurs, Geld & Beruf","FALSE","Title","Default Title","K039","continue","manual","80.00","FALSE","FALSE","https://fvd-data.s3.amazonaws.com/academy/3708781/1789394420-yrYyWc/selbststaendig-mit-herz-kurs.jpg","1","draft"
"academy-kurs-online-praesenz","Online sichtbar werden – mit Haltung","<p>Website, Social Media und Newsletter so nutzen, dass sie dir dienen — ehrlich, ruhig und ohne Aufmerksamkeitsjagd.</p><h3>Module</h3><ul><li><strong>Die eigene Stimme</strong> — Worüber du sprichst und für wen.</li><li><strong>Kanäle</strong> — Website, Newsletter, Social Media.</li><li><strong>Rhythmus</strong> — Regelmäßig, aber nicht getrieben.</li></ul><p>Zugang zur Lebenskunst Academy auf Lebenszeit. Auch enthalten in der Kursbibliothek-Mitgliedschaft (88 €/Monat).</p>","YOU ARE NEO","Academy-Kurs","academy, kurs, Geld & Beruf","FALSE","Title","Default Title","K040","continue","manual","60.00","FALSE","FALSE","https://fvd-data.s3.amazonaws.com/academy/3708781/1789394407-ADqQy4/online-praesenz-kurs.jpg","1","draft"
"academy-kurs-lebensschule-kinder","Lebensschule für Kinder – Träume leben lernen","<p>Für Kinder und ihre Eltern: Gefühle verstehen, eigene Stärken entdecken, Träume ernst nehmen. Eine Anleitung fürs Leben, die in der Schule fehlt.</p><h3>Module</h3><ul><li><strong>Wer bin ich?</strong> — Stärken, Vorlieben, Gefühle.</li><li><strong>Gefühle</strong> — Wut, Angst, Freude, Traurigkeit.</li><li><strong>Meine Träume</strong> — Wünsche, Ziele, erste Schritte.</li></ul><p>Zugang zur Lebenskunst Academy auf Lebenszeit. Auch enthalten in der Kursbibliothek-Mitgliedschaft (88 €/Monat).</p>","YOU ARE NEO","Academy-Kurs","academy, kurs, Kinder & Familie","FALSE","Title","Default Title","K041","continue","manual","60.00","FALSE","FALSE","https://fvd-data.s3.amazonaws.com/academy/3708781/1789394392-ntmQJQ/lebensschule-kinder-kurs.jpg","1","draft"
"academy-kurs-natur-entdecker-kinder","Natur-Entdecker für Kinder","<p>Draußen lernen mit allen Sinnen: Pflanzen, Tiere, Spuren und Jahreszeiten — Abenteuer für Familien.</p><h3>Module</h3><ul><li><strong>Mit allen Sinnen</strong> — Hören, riechen, tasten im Wald.</li><li><strong>Tiere und Spuren</strong> — Wer war hier?</li><li><strong>Pflanzen</strong> — Erkennen, sammeln, schützen.</li></ul><p>Zugang zur Lebenskunst Academy auf Lebenszeit. Auch enthalten in der Kursbibliothek-Mitgliedschaft (88 €/Monat).</p>","YOU ARE NEO","Academy-Kurs","academy, kurs, Kinder & Familie","FALSE","Title","Default Title","K042","continue","manual","40.00","FALSE","FALSE","https://fvd-data.s3.amazonaws.com/academy/3708781/1789394402-63A4ZM/natur-entdecker-kinder-kurs.jpg","1","draft"
"academy-kurs-qigong-kinder","Qi-Gong & Bewegung für Kinder","<p>Tierbewegungen, Atemspiele und kleine Ruherituale: Qi-Gong kindgerecht, für zu Hause und in der Gruppe.</p><h3>Module</h3><ul><li><strong>Tierbewegungen</strong> — Kranich, Bär, Tiger, Affe, Hirsch.</li><li><strong>Atemspiele</strong> — Ballon, Feder, Blume.</li><li><strong>Zur Ruhe kommen</strong> — Kleine Rituale für den Abend.</li></ul><p>Zugang zur Lebenskunst Academy auf Lebenszeit. Auch enthalten in der Kursbibliothek-Mitgliedschaft (88 €/Monat).</p>","YOU ARE NEO","Academy-Kurs","academy, kurs, Kinder & Familie","FALSE","Title","Default Title","K043","continue","manual","40.00","FALSE","FALSE","https://fvd-data.s3.amazonaws.com/academy/3708781/1789394411-QoImJD/qigong-kinder-kurs.jpg","1","draft"
"academy-kurs-freies-lernen","Freies Lernen – Bildung jenseits der Schulbank","<p>Für Eltern und Begleiter: wie Kinder aus Neugier lernen, welche Wege es gibt und wie man sie im Alltag begleitet.</p><h3>Module</h3><ul><li><strong>Wie Kinder lernen</strong> — Neugier, Spiel, Nachahmung.</li><li><strong>Wege</strong> — Freie Schulen, Lerngruppen, Familienlernen.</li><li><strong>Begleiten</strong> — Umgebung gestalten, Fragen stellen, vertrauen.</li></ul><p>Zugang zur Lebenskunst Academy auf Lebenszeit. Auch enthalten in der Kursbibliothek-Mitgliedschaft (88 €/Monat).</p>","YOU ARE NEO","Academy-Kurs","academy, kurs, Kinder & Familie","FALSE","Title","Default Title","K044","continue","manual","70.00","FALSE","FALSE","https://fvd-data.s3.amazonaws.com/academy/3708781/1789394370-YpCzIy/freies-lernen-kurs.jpg","1","draft"
"academy-kurs-ki-verstehen","KI verstehen – Mensch, Natur und Maschine","<p>Was künstliche Intelligenz ist, was sie kann und was nicht — und wie wir sie so nutzen, dass sie Mensch und Natur dient.</p><h3>Module</h3><ul><li><strong>Wie KI funktioniert</strong> — Muster, Daten, Modelle — ohne Mathematik erklärt.</li><li><strong>Chancen und Grenzen</strong> — Wo KI hilft und wo sie irrt.</li><li><strong>KI im Dienst des Lebens</strong> — Natur, Gemeinschaft, Bildung.</li></ul><p>Zugang zur Lebenskunst Academy auf Lebenszeit. Auch enthalten in der Kursbibliothek-Mitgliedschaft (88 €/Monat).</p>","YOU ARE NEO","Academy-Kurs","academy, kurs, Technik & KI","FALSE","Title","Default Title","K045","continue","manual","60.00","FALSE","FALSE","https://fvd-data.s3.amazonaws.com/academy/3708781/1789394388-vXrqBo/ki-verstehen-kurs.jpg","1","draft"
"academy-kurs-digitale-selbstverteidigung","Digitale Selbstverteidigung – Privatsphäre & Sicherheit","<p>Passwörter, Verschlüsselung, Datenspuren und sichere Kommunikation — verständlich und sofort umsetzbar.</p><h3>Module</h3><ul><li><strong>Deine Datenspur</strong> — Was über dich gesammelt wird.</li><li><strong>Grundschutz</strong> — Passwörter, Zwei-Faktor, Updates.</li><li><strong>Sicher kommunizieren</strong> — Verschlüsselte Messenger und E-Mail.</li></ul><p>Zugang zur Lebenskunst Academy auf Lebenszeit. Auch enthalten in der Kursbibliothek-Mitgliedschaft (88 €/Monat).</p>","YOU ARE NEO","Academy-Kurs","academy, kurs, Technik & KI","FALSE","Title","Default Title","K046","continue","manual","50.00","FALSE","FALSE","https://fvd-data.s3.amazonaws.com/academy/3708781/1789394365-ktKSCf/digitale-selbstverteidigung-kurs.jpg","1","draft"
"kursbibliothek-mitgliedschaft","Kursbibliothek – Mitgliedschaft","<p>Alle Kurse der Lebenskunst Academy, solange die Mitgliedschaft läuft. Monatlich kündbar.</p>","YOU ARE NEO","Mitgliedschaft","academy, mitgliedschaft, abo","FALSE","Title","Default Title","M-BIB-88","continue","manual","88.00","FALSE","FALSE","","","draft"
"live-seminar-monat","Live-Seminar | Samstags-Seminar des Monats","<p>Sechs Stunden live über Zoom an einem Samstag im Monat. Einzelkauf pro Seminar.</p>","YOU ARE NEO","Seminar","live, seminar, zoom","FALSE","Title","Default Title","S-MONAT-30","continue","manual","30.00","FALSE","FALSE","","","draft"
